lexeme,score
igaiga,0.8
serasera,0.6333333333333333
hasyikai,0.5666666666666667
iraira,0.7
egarai,0.5333333333333333
tyikatyika,0.7931034482758621
hirihiri,0.5862068965517241
kaii,0.6551724137931034
