lexeme,score,conceptID
igaiga,0.8,1
serasera,0.6333333333333333,1
hasyikai,0.5666666666666667,1
iraira,0.7,1
egarai,0.5333333333333333,1
tyikatyika,0.7931034482758621,1
hirihiri,0.5862068965517241,1
kaii,0.6551724137931034,1
